puzzle_path,dimensions,starting_coordinates,block_coords,storage_coords,paired_objects
test_puzzles/1_tiny.txt,"(6,6)","(1,3)","{(2,2)}","{(4,1)}","{'a':(4,2)}"
test_puzzles/2_medium.txt,"(7,7)","(3,3)","{(2,3),(3,2),(3,4),(4,3)}","{(4,1),(4,5),(5,2),(5,4)}","{'a':(1,1),'b':(1,5),'c':(5,1),'d':(5,5)}"
test_puzzles/3_large.txt,"(10,10)","(5,1)","{(3,6),(6,5),(6,7),(7,4)}","{(1,7),(1,8),(3,7),(3,8)}","{'a':(2,7),'b':(2,8)}"
test_puzzles/4_test_permanence.txt,"(6,8)","(4,5)","{(3,2)}","{(3,5)}","{'a':(2,5)}"
test_puzzles/5_test_pushing.txt,"(7,8)","(2,4)","{(1,4),(2,3),(2,5),(3,4),(4,4)}","{(1,3),(2,6),(3,3),(3,5),(5,4)}","{}"